Date, Rosary Music, Rosary Bible App
2024-11-10, 2, 23
2024-11-11, 1, 30
2024-11-12, 4, 27
2024-11-13, 3, 26
2024-11-14, 3, 25
2024-11-15, 3, 28
2024-11-16, 2, 28
2024-11-17, 4, 29
2024-11-18, 3, 30
2024-11-19, 4, 28
2024-11-20, 4, 33
2024-11-21, 4, 32
2024-11-22, 2, 25
2024-11-23, 4, 24
2024-11-24, 4, 25
2024-11-25, 1, 31
2024-11-26, 3, 27
2024-11-27, 2, 30
2024-11-28, 3, 25
2024-11-29, 1, 26
2024-11-30, 3, 27
2024-12-01, 5, 24
2024-12-02, 2, 34
2024-12-03, 5, 30
2024-12-04, 4, 34
2024-12-05, 4, 27
2024-12-06, 4, 27
2024-12-07, 6, 28
2024-12-08, 5, 25
2024-12-09, 5, 26
2024-12-10, 6, 28
2024-12-11, 6, 29
2024-12-12, 4, 26
2024-12-13, 4, 20
2024-12-14, 5, 22
2024-12-15, 5, 24
2024-12-16, 8, 25
2024-12-17, 5, 27
2024-12-18, 5, 28
2024-12-19, 4, 28
2024-12-20, 4, 23
2024-12-21, 6, 26
2024-12-22, 4, 30
2024-12-23, 7, 27
2024-12-24, 5, 29
2024-12-25, 5, 20
2024-12-26, 5, 22
2024-12-27, 6, 26
2024-12-28, 6, 23
2024-12-29, 5, 24
2024-12-30, 6, 21
2024-12-31, 6, 24
2025-01-01, 4, 22
2025-01-02, 7, 27
2025-01-03, 5, 30
2025-01-04, 0, 0
2025-01-05, 6, 25
